timestamp,elapsed_time(s),marker_id,distance(m),x(m),y(m),z(m),roll(deg),pitch(deg),yaw(deg)
2025-10-21 20:26:12.277,0.027,0,0.3003,0.0308,-0.0211,0.2979,178.19,0.42,0.10
2025-10-21 20:26:12.380,0.130,0,0.3003,0.0308,-0.0211,0.2979,178.19,0.42,0.10
2025-10-21 20:26:12.511,0.261,0,0.3003,0.0308,-0.0211,0.2979,178.19,0.42,0.10
2025-10-21 20:26:12.643,0.393,0,0.3003,0.0308,-0.0211,0.2979,178.19,0.42,0.10
2025-10-21 20:26:12.743,0.494,0,0.3003,0.0308,-0.0211,0.2979,178.19,0.42,0.10
2025-10-21 20:26:12.845,0.595,0,0.3003,0.0308,-0.0211,0.2979,178.19,0.42,0.10
2025-10-21 20:26:12.979,0.730,0,0.3003,0.0308,-0.0211,0.2979,178.19,0.42,0.10
2025-10-21 20:26:13.080,0.831,0,0.3003,0.0308,-0.0211,0.2979,178.19,0.42,0.10
2025-10-21 20:26:13.210,0.960,0,0.3003,0.0308,-0.0211,0.2979,178.19,0.42,0.10
2025-10-21 20:26:13.311,1.061,0,0.3003,0.0308,-0.0211,0.2979,178.19,0.42,0.10
2025-10-21 20:26:13.411,1.161,0,0.3003,0.0308,-0.0211,0.2979,178.19,0.42,0.10
2025-10-21 20:26:13.512,1.262,0,0.3003,0.0308,-0.0211,0.2979,178.19,0.42,0.10
2025-10-21 20:26:13.647,1.397,0,0.3003,0.0308,-0.0211,0.2979,178.19,0.42,0.10
2025-10-21 20:26:13.778,1.528,0,0.3003,0.0308,-0.0211,0.2979,178.19,0.42,0.10
2025-10-21 20:26:13.912,1.662,0,0.3003,0.0308,-0.0211,0.2979,178.19,0.42,0.10
2025-10-21 20:26:14.015,1.766,0,0.3003,0.0308,-0.0211,0.2979,178.19,0.42,0.10
2025-10-21 20:26:14.145,1.895,0,0.3003,0.0308,-0.0211,0.2979,178.19,0.42,0.10
2025-10-21 20:26:14.246,1.996,0,0.3003,0.0308,-0.0211,0.2979,178.19,0.42,0.10
2025-10-21 20:26:14.348,2.098,0,0.3003,0.0308,-0.0211,0.2979,178.19,0.42,0.10
2025-10-21 20:26:14.479,2.229,0,0.3003,0.0308,-0.0211,0.2979,178.19,0.42,0.10
2025-10-21 20:26:14.613,2.363,0,0.3003,0.0308,-0.0211,0.2979,178.19,0.42,0.10
2025-10-21 20:26:14.718,2.468,0,0.3003,0.0308,-0.0211,0.2979,178.19,0.42,0.10
2025-10-21 20:26:14.851,2.601,0,0.3003,0.0308,-0.0211,0.2979,178.19,0.42,0.10
2025-10-21 20:26:14.978,2.729,0,0.3003,0.0308,-0.0211,0.2979,178.19,0.42,0.10
2025-10-21 20:26:15.112,2.862,0,0.3003,0.0308,-0.0211,0.2979,178.19,0.42,0.10
2025-10-21 20:26:15.213,2.963,0,0.3003,0.0308,-0.0211,0.2979,178.19,0.42,0.10
2025-10-21 20:26:15.314,3.065,0,0.3003,0.0308,-0.0211,0.2979,178.19,0.42,0.10
2025-10-21 20:26:15.445,3.195,0,0.3003,0.0308,-0.0211,0.2979,178.19,0.42,0.10
2025-10-21 20:26:15.545,3.296,0,0.3003,0.0308,-0.0211,0.2979,178.19,0.42,0.10
2025-10-21 20:26:15.646,3.396,0,0.3003,0.0308,-0.0211,0.2979,178.19,0.42,0.10
2025-10-21 20:26:15.746,3.496,0,0.3003,0.0308,-0.0211,0.2979,178.19,0.42,0.10
2025-10-21 20:26:15.880,3.631,0,0.3003,0.0308,-0.0211,0.2979,178.19,0.42,0.10
2025-10-21 20:26:16.013,3.763,0,0.3003,0.0308,-0.0211,0.2979,178.19,0.42,0.10
2025-10-21 20:26:16.113,3.863,0,0.3003,0.0308,-0.0211,0.2979,178.19,0.42,0.10
2025-10-21 20:26:16.217,3.967,0,0.3003,0.0308,-0.0211,0.2979,178.19,0.42,0.10
2025-10-21 20:26:16.347,4.097,0,0.3003,0.0308,-0.0211,0.2979,178.19,0.42,0.10
2025-10-21 20:26:16.447,4.198,0,0.3003,0.0308,-0.0211,0.2979,178.19,0.42,0.10
2025-10-21 20:26:16.548,4.298,0,0.3003,0.0308,-0.0211,0.2979,178.19,0.42,0.10
2025-10-21 20:26:16.680,4.430,0,0.3003,0.0308,-0.0211,0.2979,178.19,0.42,0.10
2025-10-21 20:26:16.785,4.536,0,0.3003,0.0308,-0.0211,0.2979,178.19,0.42,0.10
2025-10-21 20:26:16.913,4.663,0,0.3003,0.0308,-0.0211,0.2979,178.19,0.42,0.10
2025-10-21 20:26:17.013,4.764,0,0.3003,0.0308,-0.0211,0.2979,178.19,0.42,0.10
2025-10-21 20:26:17.115,4.865,0,0.3003,0.0308,-0.0211,0.2979,178.19,0.42,0.10
2025-10-21 20:26:17.352,5.102,0,0.3003,0.0308,-0.0211,0.2979,178.19,0.42,0.10
2025-10-21 20:26:17.485,5.235,0,0.3003,0.0308,-0.0211,0.2979,178.19,0.42,0.10
2025-10-21 20:26:17.616,5.366,0,0.3003,0.0308,-0.0211,0.2979,178.19,0.42,0.10
2025-10-21 20:26:17.852,5.602,0,0.3015,0.0309,-0.0209,0.2992,170.74,3.46,0.32
2025-10-21 20:26:17.981,5.731,0,0.3003,0.0308,-0.0211,0.2979,178.19,0.42,0.10
2025-10-21 20:26:18.082,5.832,0,0.3003,0.0308,-0.0211,0.2979,178.19,0.42,0.10
2025-10-21 20:26:18.184,5.934,0,0.3003,0.0308,-0.0211,0.2979,178.19,0.42,0.10
2025-10-21 20:26:18.315,6.065,0,0.3003,0.0308,-0.0211,0.2979,178.19,0.42,0.10
2025-10-21 20:26:18.418,6.168,0,0.3003,0.0308,-0.0211,0.2979,178.19,0.42,0.10
2025-10-21 20:26:18.548,6.298,0,0.3003,0.0308,-0.0211,0.2979,178.19,0.42,0.10
2025-10-21 20:26:18.648,6.398,0,0.3003,0.0308,-0.0211,0.2979,178.19,0.42,0.10
2025-10-21 20:26:18.750,6.500,0,0.3003,0.0308,-0.0211,0.2979,178.19,0.42,0.10
2025-10-21 20:26:18.851,6.601,0,0.3003,0.0308,-0.0211,0.2979,178.19,0.42,0.10
2025-10-21 20:26:18.982,6.732,0,0.3003,0.0308,-0.0211,0.2979,178.19,0.42,0.10
2025-10-21 20:26:19.083,6.833,0,0.3003,0.0308,-0.0211,0.2979,178.19,0.42,0.10
2025-10-21 20:26:19.184,6.934,0,0.3003,0.0308,-0.0211,0.2979,178.19,0.42,0.10
2025-10-21 20:26:19.316,7.066,0,0.3003,0.0308,-0.0211,0.2979,178.19,0.42,0.10
2025-10-21 20:26:19.418,7.168,0,0.3003,0.0308,-0.0211,0.2979,178.19,0.42,0.10
2025-10-21 20:26:19.549,7.299,0,0.3003,0.0308,-0.0211,0.2979,178.19,0.42,0.10
2025-10-21 20:26:19.649,7.400,0,0.3003,0.0308,-0.0211,0.2979,178.19,0.42,0.10
2025-10-21 20:26:19.784,7.534,0,0.3003,0.0308,-0.0211,0.2979,178.19,0.42,0.10
2025-10-21 20:26:19.884,7.635,0,0.3003,0.0308,-0.0211,0.2979,178.19,0.42,0.10
2025-10-21 20:26:19.986,7.736,0,0.3003,0.0308,-0.0211,0.2979,178.19,0.42,0.10
2025-10-21 20:26:20.117,7.867,0,0.3003,0.0308,-0.0211,0.2979,178.19,0.42,0.10
2025-10-21 20:26:20.219,7.969,0,0.3003,0.0308,-0.0211,0.2979,178.19,0.42,0.10
2025-10-21 20:26:20.350,8.100,0,0.3003,0.0308,-0.0211,0.2979,178.19,0.42,0.10
2025-10-21 20:26:20.451,8.201,0,0.3003,0.0308,-0.0211,0.2979,178.19,0.42,0.10
2025-10-21 20:26:20.583,8.333,0,0.3003,0.0308,-0.0211,0.2979,178.19,0.42,0.10
2025-10-21 20:26:20.686,8.436,0,0.3003,0.0308,-0.0211,0.2979,178.19,0.42,0.10
2025-10-21 20:26:20.819,8.569,0,0.3003,0.0308,-0.0211,0.2979,178.19,0.42,0.10
2025-10-21 20:26:20.951,8.702,0,0.3003,0.0308,-0.0211,0.2979,178.19,0.42,0.10
2025-10-21 20:26:21.051,8.802,0,0.3018,0.0309,-0.0211,0.2995,-173.31,-2.80,-0.23
2025-10-21 20:26:21.156,8.906,0,0.3014,0.0304,-0.0215,0.2991,170.74,3.36,0.32
2025-10-21 20:26:21.287,9.037,0,0.3014,0.0304,-0.0215,0.2991,170.74,3.36,0.32
2025-10-21 20:26:21.388,9.138,0,0.3014,0.0304,-0.0215,0.2991,170.74,3.36,0.32
2025-10-21 20:26:21.519,9.270,0,0.3014,0.0304,-0.0215,0.2991,170.74,3.36,0.32
2025-10-21 20:26:21.622,9.372,0,0.3014,0.0304,-0.0215,0.2991,170.74,3.36,0.32
2025-10-21 20:26:21.751,9.501,0,0.3020,0.0306,-0.0212,0.2997,-177.14,-2.59,0.08
2025-10-21 20:26:21.885,9.636,0,0.3020,0.0306,-0.0212,0.2997,-177.14,-2.59,0.08
2025-10-21 20:26:22.023,9.773,0,0.3020,0.0306,-0.0212,0.2997,-177.14,-2.59,0.08
2025-10-21 20:26:22.155,9.906,0,0.2998,0.0302,-0.0211,0.2975,-164.67,12.42,1.74
2025-10-21 20:26:22.258,10.008,0,0.3020,0.0306,-0.0212,0.2997,-177.14,-2.59,0.08
2025-10-21 20:26:22.389,10.140,0,0.3020,0.0306,-0.0212,0.2997,-177.14,-2.59,0.08
2025-10-21 20:26:22.523,10.273,0,0.3020,0.0306,-0.0212,0.2997,-177.14,-2.59,0.08
2025-10-21 20:26:22.655,10.406,0,0.3002,0.0303,-0.0211,0.2979,178.17,0.43,0.10
2025-10-21 20:26:22.787,10.537,0,0.3019,0.0295,-0.0212,0.2997,-177.11,-2.59,0.08
2025-10-21 20:26:22.920,10.670,0,0.3005,0.0266,-0.0210,0.2986,174.03,7.58,-0.24
2025-10-21 20:26:23.020,10.770,0,0.3013,0.0242,-0.0212,0.2995,179.50,10.74,0.73
2025-10-21 20:26:23.121,10.871,0,0.2993,0.0207,-0.0210,0.2979,173.32,6.82,-0.30
2025-10-21 20:26:23.258,11.008,0,0.2984,0.0155,-0.0205,0.2973,177.41,0.52,0.07
2025-10-21 20:26:23.386,11.137,0,0.3004,0.0111,-0.0206,0.2995,-177.19,-8.66,-0.56
2025-10-21 20:26:23.490,11.240,0,0.3004,0.0106,-0.0206,0.2995,-177.15,-8.72,-0.57
2025-10-21 20:26:23.622,11.372,0,0.3004,0.0106,-0.0206,0.2995,-177.15,-8.72,-0.57
2025-10-21 20:26:23.724,11.474,0,0.3004,0.0106,-0.0206,0.2995,-177.15,-8.72,-0.57
2025-10-21 20:26:23.825,11.575,0,0.3004,0.0106,-0.0206,0.2995,-177.15,-8.72,-0.57
2025-10-21 20:26:23.956,11.707,0,0.3004,0.0106,-0.0206,0.2995,-177.15,-8.72,-0.57
2025-10-21 20:26:24.092,11.842,0,0.3004,0.0106,-0.0206,0.2995,-177.15,-8.72,-0.57
2025-10-21 20:26:24.222,11.972,0,0.3004,0.0106,-0.0206,0.2995,-177.15,-8.72,-0.57
2025-10-21 20:26:24.354,12.105,0,0.3004,0.0106,-0.0206,0.2995,-177.15,-8.72,-0.57
2025-10-21 20:26:24.457,12.208,0,0.3004,0.0106,-0.0206,0.2995,-177.15,-8.72,-0.57
2025-10-21 20:26:24.587,12.337,0,0.3004,0.0106,-0.0206,0.2995,-177.15,-8.72,-0.57
2025-10-21 20:26:24.688,12.438,0,0.3004,0.0106,-0.0206,0.2995,-177.15,-8.72,-0.57
2025-10-21 20:26:24.822,12.572,0,0.3004,0.0106,-0.0206,0.2995,-177.15,-8.72,-0.57
2025-10-21 20:26:24.922,12.672,0,0.3004,0.0106,-0.0206,0.2995,-177.15,-8.72,-0.57
2025-10-21 20:26:25.057,12.807,0,0.3004,0.0106,-0.0206,0.2995,-177.15,-8.72,-0.57
2025-10-21 20:26:25.188,12.938,0,0.3004,0.0106,-0.0206,0.2995,-177.15,-8.72,-0.57
2025-10-21 20:26:25.291,13.042,0,0.3004,0.0106,-0.0206,0.2995,-177.15,-8.72,-0.57
2025-10-21 20:26:25.421,13.171,0,0.3004,0.0106,-0.0206,0.2995,-177.15,-8.72,-0.57
2025-10-21 20:26:25.523,13.273,0,0.3004,0.0106,-0.0206,0.2995,-177.15,-8.72,-0.57
2025-10-21 20:26:25.653,13.404,0,0.3004,0.0106,-0.0206,0.2995,-177.15,-8.72,-0.57
2025-10-21 20:26:25.754,13.504,0,0.3004,0.0106,-0.0206,0.2995,-177.15,-8.72,-0.57
2025-10-21 20:26:25.854,13.604,0,0.3004,0.0106,-0.0206,0.2995,-177.15,-8.72,-0.57
2025-10-21 20:26:25.954,13.704,0,0.3004,0.0106,-0.0206,0.2995,-177.15,-8.72,-0.57
2025-10-21 20:26:26.056,13.806,0,0.3004,0.0106,-0.0206,0.2995,-177.15,-8.72,-0.57
2025-10-21 20:26:26.159,13.909,0,0.3004,0.0106,-0.0206,0.2995,-177.15,-8.72,-0.57
2025-10-21 20:26:26.259,14.009,0,0.3004,0.0106,-0.0206,0.2995,-177.15,-8.72,-0.57
2025-10-21 20:26:26.389,14.139,0,0.3004,0.0106,-0.0206,0.2995,-177.15,-8.72,-0.57
2025-10-21 20:26:26.526,14.276,0,0.3004,0.0106,-0.0206,0.2995,-177.15,-8.72,-0.57
2025-10-21 20:26:26.655,14.405,0,0.3015,0.0102,-0.0205,0.3007,-168.22,0.31,0.62
2025-10-21 20:26:26.758,14.509,0,0.3004,0.0095,-0.0206,0.2995,-177.06,-8.85,-0.58
2025-10-21 20:26:26.888,14.638,0,0.3004,0.0095,-0.0206,0.2995,-177.06,-8.85,-0.58
2025-10-21 20:26:26.990,14.740,0,0.3023,0.0095,-0.0209,0.3014,-170.36,11.12,1.56
2025-10-21 20:26:27.125,14.875,0,0.3004,0.0095,-0.0206,0.2995,-177.06,-8.85,-0.58
2025-10-21 20:26:27.227,14.977,0,0.3004,0.0095,-0.0206,0.2995,-177.06,-8.85,-0.58
2025-10-21 20:26:27.357,15.107,0,0.3023,0.0095,-0.0209,0.3014,-170.36,11.12,1.56
2025-10-21 20:26:27.457,15.208,0,0.3004,0.0095,-0.0206,0.2995,-177.06,-8.85,-0.58
2025-10-21 20:26:27.590,15.340,0,0.3004,0.0095,-0.0206,0.2995,-177.06,-8.85,-0.58
2025-10-21 20:26:27.722,15.472,0,0.3004,0.0095,-0.0206,0.2995,-177.06,-8.85,-0.58
2025-10-21 20:26:27.823,15.573,0,0.3004,0.0095,-0.0206,0.2995,-177.06,-8.85,-0.58
2025-10-21 20:26:27.924,15.674,0,0.3004,0.0095,-0.0206,0.2995,-177.06,-8.85,-0.58
2025-10-21 20:26:28.057,15.807,0,0.3004,0.0095,-0.0206,0.2995,-177.06,-8.85,-0.58
2025-10-21 20:26:28.191,15.941,0,0.3004,0.0095,-0.0206,0.2995,-177.06,-8.85,-0.58
2025-10-21 20:26:28.293,16.043,0,0.3004,0.0095,-0.0206,0.2995,-177.06,-8.85,-0.58
2025-10-21 20:26:28.422,16.173,0,0.3004,0.0095,-0.0206,0.2995,-177.06,-8.85,-0.58
2025-10-21 20:26:28.523,16.273,0,0.3004,0.0095,-0.0206,0.2995,-177.06,-8.85,-0.58
2025-10-21 20:26:28.623,16.373,0,0.3004,0.0095,-0.0206,0.2995,-177.06,-8.85,-0.58
2025-10-21 20:26:28.726,16.476,0,0.3004,0.0095,-0.0206,0.2995,-177.06,-8.85,-0.58
2025-10-21 20:26:28.856,16.606,0,0.3004,0.0095,-0.0206,0.2995,-177.06,-8.85,-0.58
2025-10-21 20:26:28.956,16.707,0,0.3004,0.0095,-0.0206,0.2995,-177.06,-8.85,-0.58
2025-10-21 20:26:29.060,16.810,0,0.3004,0.0095,-0.0206,0.2995,-177.06,-8.85,-0.58
2025-10-21 20:26:29.191,16.942,0,0.3004,0.0095,-0.0206,0.2995,-177.06,-8.85,-0.58
2025-10-21 20:26:29.293,17.043,0,0.3004,0.0095,-0.0206,0.2995,-177.06,-8.85,-0.58
2025-10-21 20:26:29.423,17.173,0,0.3004,0.0095,-0.0206,0.2995,-177.06,-8.85,-0.58
2025-10-21 20:26:29.528,17.279,0,0.3004,0.0095,-0.0206,0.2995,-177.06,-8.85,-0.58
2025-10-21 20:26:29.660,17.410,0,0.3004,0.0095,-0.0206,0.2995,-177.06,-8.85,-0.58
2025-10-21 20:26:29.792,17.542,0,0.3004,0.0095,-0.0206,0.2995,-177.06,-8.85,-0.58
2025-10-21 20:26:29.926,17.676,0,0.3004,0.0095,-0.0206,0.2995,-177.06,-8.85,-0.58
2025-10-21 20:26:30.027,17.777,0,0.3004,0.0095,-0.0206,0.2995,-177.06,-8.85,-0.58
2025-10-21 20:26:30.157,17.908,0,0.3004,0.0095,-0.0206,0.2995,-177.06,-8.85,-0.58
2025-10-21 20:26:30.258,18.008,0,0.3004,0.0095,-0.0206,0.2995,-177.06,-8.85,-0.58
2025-10-21 20:26:30.361,18.111,0,0.3004,0.0095,-0.0206,0.2995,-177.06,-8.85,-0.58
2025-10-21 20:26:30.491,18.241,0,0.3004,0.0095,-0.0206,0.2995,-177.06,-8.85,-0.58
2025-10-21 20:26:30.591,18.341,0,0.3004,0.0095,-0.0206,0.2995,-177.06,-8.85,-0.58
2025-10-21 20:26:30.692,18.442,0,0.3004,0.0095,-0.0206,0.2995,-177.06,-8.85,-0.58
2025-10-21 20:26:30.824,18.575,0,0.3004,0.0095,-0.0206,0.2995,-177.06,-8.85,-0.58
2025-10-21 20:26:30.958,18.708,0,0.3004,0.0095,-0.0206,0.2995,-177.06,-8.85,-0.58
2025-10-21 20:26:31.062,18.812,0,0.3004,0.0095,-0.0206,0.2995,-177.06,-8.85,-0.58
2025-10-21 20:26:31.191,18.942,0,0.3004,0.0095,-0.0206,0.2995,-177.06,-8.85,-0.58
2025-10-21 20:26:31.295,19.045,0,0.3004,0.0095,-0.0206,0.2995,-177.06,-8.85,-0.58
2025-10-21 20:26:31.427,19.177,0,0.3004,0.0095,-0.0206,0.2995,-177.06,-8.85,-0.58
2025-10-21 20:26:31.563,19.313,0,0.3004,0.0095,-0.0206,0.2995,-177.06,-8.85,-0.58
2025-10-21 20:26:31.692,19.442,0,0.3004,0.0095,-0.0206,0.2995,-177.06,-8.85,-0.58
2025-10-21 20:26:31.792,19.543,0,0.3004,0.0095,-0.0206,0.2995,-177.06,-8.85,-0.58
2025-10-21 20:26:31.893,19.643,0,0.3004,0.0095,-0.0206,0.2995,-177.06,-8.85,-0.58
2025-10-21 20:26:31.994,19.744,0,0.3004,0.0095,-0.0206,0.2995,-177.06,-8.85,-0.58
2025-10-21 20:26:32.125,19.875,0,0.3004,0.0095,-0.0206,0.2995,-177.06,-8.85,-0.58
2025-10-21 20:26:32.228,19.978,0,0.3004,0.0095,-0.0206,0.2995,-177.06,-8.85,-0.58
2025-10-21 20:26:32.329,20.079,0,0.3004,0.0095,-0.0206,0.2995,-177.06,-8.85,-0.58
2025-10-21 20:26:32.429,20.179,0,0.3004,0.0095,-0.0206,0.2995,-177.06,-8.85,-0.58
2025-10-21 20:26:32.561,20.312,0,0.3004,0.0095,-0.0206,0.2995,-177.06,-8.85,-0.58
2025-10-21 20:26:32.693,20.443,0,0.3004,0.0095,-0.0206,0.2995,-177.06,-8.85,-0.58
2025-10-21 20:26:32.794,20.544,0,0.3004,0.0095,-0.0206,0.2995,-177.06,-8.85,-0.58
2025-10-21 20:26:32.928,20.678,0,0.3004,0.0095,-0.0206,0.2995,-177.06,-8.85,-0.58
2025-10-21 20:26:33.028,20.779,0,0.3004,0.0095,-0.0206,0.2995,-177.06,-8.85,-0.58
2025-10-21 20:26:33.159,20.910,0,0.3004,0.0095,-0.0206,0.2995,-177.06,-8.85,-0.58
2025-10-21 20:26:33.260,21.010,0,0.3004,0.0095,-0.0206,0.2995,-177.06,-8.85,-0.58
2025-10-21 20:26:33.363,21.114,0,0.3004,0.0095,-0.0206,0.2995,-177.06,-8.85,-0.58
2025-10-21 20:26:33.493,21.244,0,0.3023,0.0095,-0.0209,0.3014,-170.36,11.12,1.56
2025-10-21 20:26:33.593,21.344,0,0.3004,0.0095,-0.0206,0.2995,-177.06,-8.85,-0.58
2025-10-21 20:26:33.694,21.444,0,0.3023,0.0095,-0.0209,0.3014,-170.36,11.12,1.56
2025-10-21 20:26:33.827,21.578,0,0.3023,0.0095,-0.0209,0.3014,-170.36,11.12,1.56
2025-10-21 20:26:33.960,21.710,0,0.3004,0.0095,-0.0206,0.2995,-177.06,-8.85,-0.58
2025-10-21 20:26:34.060,21.811,0,0.3004,0.0095,-0.0206,0.2995,-177.06,-8.85,-0.58
2025-10-21 20:26:34.162,21.912,0,0.3004,0.0095,-0.0206,0.2995,-177.06,-8.85,-0.58
2025-10-21 20:26:34.295,22.045,0,0.3023,0.0095,-0.0209,0.3014,-170.36,11.12,1.56
2025-10-21 20:26:34.427,22.178,0,0.3004,0.0095,-0.0206,0.2995,-177.06,-8.85,-0.58
2025-10-21 20:26:34.530,22.280,0,0.3004,0.0095,-0.0206,0.2995,-177.06,-8.85,-0.58
2025-10-21 20:26:34.698,22.448,0,0.3004,0.0095,-0.0206,0.2995,-177.06,-8.85,-0.58
2025-10-21 20:26:34.828,22.578,0,0.3004,0.0095,-0.0206,0.2995,-177.06,-8.85,-0.58
2025-10-21 20:26:34.964,22.715,0,0.3004,0.0095,-0.0206,0.2995,-177.06,-8.85,-0.58
2025-10-21 20:26:35.096,22.846,0,0.3004,0.0095,-0.0206,0.2995,-177.06,-8.85,-0.58
2025-10-21 20:26:35.231,22.981,0,0.3004,0.0095,-0.0206,0.2995,-177.06,-8.85,-0.58
2025-10-21 20:26:35.362,23.113,0,0.3004,0.0095,-0.0206,0.2995,-177.06,-8.85,-0.58
2025-10-21 20:26:35.463,23.213,0,0.3004,0.0095,-0.0206,0.2995,-177.06,-8.85,-0.58
2025-10-21 20:26:35.596,23.346,0,0.3004,0.0095,-0.0206,0.2995,-177.06,-8.85,-0.58
2025-10-21 20:26:35.729,23.479,0,0.3004,0.0095,-0.0206,0.2995,-177.06,-8.85,-0.58
2025-10-21 20:26:35.862,23.612,0,0.3004,0.0095,-0.0206,0.2995,-177.06,-8.85,-0.58
2025-10-21 20:26:35.964,23.714,0,0.3004,0.0095,-0.0206,0.2995,-177.06,-8.85,-0.58
2025-10-21 20:26:36.064,23.815,0,0.3004,0.0095,-0.0206,0.2995,-177.06,-8.85,-0.58
2025-10-21 20:26:36.199,23.949,0,0.3004,0.0095,-0.0206,0.2995,-177.06,-8.85,-0.58
2025-10-21 20:26:36.330,24.080,0,0.3004,0.0095,-0.0206,0.2995,-177.06,-8.85,-0.58
2025-10-21 20:26:36.431,24.181,0,0.3004,0.0095,-0.0206,0.2995,-177.06,-8.85,-0.58
2025-10-21 20:26:36.533,24.283,0,0.3004,0.0095,-0.0206,0.2995,-177.06,-8.85,-0.58
2025-10-21 20:26:36.665,24.415,0,0.3004,0.0095,-0.0206,0.2995,-177.06,-8.85,-0.58
2025-10-21 20:26:36.800,24.550,0,0.3004,0.0095,-0.0206,0.2995,-177.06,-8.85,-0.58
2025-10-21 20:26:36.930,24.681,0,0.3004,0.0095,-0.0206,0.2995,-177.06,-8.85,-0.58
2025-10-21 20:26:37.031,24.782,0,0.3004,0.0095,-0.0206,0.2995,-177.06,-8.85,-0.58
2025-10-21 20:26:37.164,24.914,0,0.3004,0.0095,-0.0206,0.2995,-177.06,-8.85,-0.58
2025-10-21 20:26:37.265,25.015,0,0.3004,0.0095,-0.0206,0.2995,-177.06,-8.85,-0.58
2025-10-21 20:26:37.399,25.149,0,0.3023,0.0095,-0.0209,0.3014,-170.36,11.12,1.56
2025-10-21 20:26:37.532,25.283,0,0.3004,0.0095,-0.0206,0.2995,-177.06,-8.85,-0.58
2025-10-21 20:26:37.664,25.414,0,0.3023,0.0095,-0.0209,0.3014,-170.36,11.12,1.56
2025-10-21 20:26:37.765,25.515,0,0.3023,0.0095,-0.0209,0.3014,-170.36,11.12,1.56
2025-10-21 20:26:37.865,25.616,0,0.3004,0.0095,-0.0206,0.2995,-177.06,-8.85,-0.58
2025-10-21 20:26:37.969,25.720,0,0.3004,0.0095,-0.0206,0.2995,-177.06,-8.85,-0.58
2025-10-21 20:26:38.071,25.821,0,0.3004,0.0095,-0.0206,0.2995,-177.06,-8.85,-0.58
2025-10-21 20:26:38.197,25.947,0,0.3004,0.0095,-0.0206,0.2995,-177.06,-8.85,-0.58
2025-10-21 20:26:38.299,26.049,0,0.3028,0.0095,-0.0207,0.3020,179.48,10.48,-0.06
2025-10-21 20:26:38.400,26.150,0,0.3028,0.0095,-0.0207,0.3020,179.48,10.48,-0.06
2025-10-21 20:26:38.500,26.250,0,0.3004,0.0095,-0.0206,0.2995,-177.06,-8.85,-0.58
2025-10-21 20:26:38.633,26.383,0,0.3004,0.0095,-0.0206,0.2995,-177.06,-8.85,-0.58
2025-10-21 20:26:38.735,26.485,0,0.3028,0.0095,-0.0207,0.3020,179.48,10.48,-0.06
2025-10-21 20:26:38.865,26.616,0,0.3004,0.0095,-0.0206,0.2995,-177.06,-8.85,-0.58
2025-10-21 20:26:38.966,26.716,0,0.3004,0.0095,-0.0206,0.2995,-177.06,-8.85,-0.58
2025-10-21 20:26:39.067,26.817,0,0.3004,0.0095,-0.0206,0.2995,-177.06,-8.85,-0.58
2025-10-21 20:26:39.201,26.951,0,0.3028,0.0095,-0.0207,0.3020,179.48,10.48,-0.06
2025-10-21 20:26:39.333,27.083,0,0.3004,0.0095,-0.0206,0.2995,-177.06,-8.85,-0.58
2025-10-21 20:26:39.434,27.184,0,0.3004,0.0095,-0.0206,0.2995,-177.06,-8.85,-0.58
2025-10-21 20:26:39.535,27.286,0,0.3023,0.0095,-0.0209,0.3014,-170.36,11.12,1.56
2025-10-21 20:26:39.665,27.415,0,0.3028,0.0095,-0.0207,0.3020,179.48,10.48,-0.06
2025-10-21 20:26:39.771,27.521,0,0.3004,0.0095,-0.0206,0.2995,-177.06,-8.85,-0.58
2025-10-21 20:26:39.901,27.651,0,0.3004,0.0095,-0.0206,0.2995,-177.06,-8.85,-0.58
2025-10-21 20:26:40.032,27.782,0,0.3028,0.0095,-0.0207,0.3020,179.48,10.48,-0.06
2025-10-21 20:26:40.132,27.883,0,0.3004,0.0095,-0.0206,0.2995,-177.06,-8.85,-0.58
2025-10-21 20:26:40.266,28.016,0,0.3004,0.0095,-0.0206,0.2995,-177.06,-8.85,-0.58
2025-10-21 20:26:40.368,28.118,0,0.3004,0.0095,-0.0206,0.2995,-177.06,-8.85,-0.58
2025-10-21 20:26:40.472,28.222,0,0.3004,0.0095,-0.0206,0.2995,-177.06,-8.85,-0.58
2025-10-21 20:26:40.600,28.350,0,0.3004,0.0095,-0.0206,0.2995,-177.06,-8.85,-0.58
2025-10-21 20:26:40.734,28.484,0,0.3004,0.0095,-0.0206,0.2995,-177.06,-8.85,-0.58
2025-10-21 20:26:40.834,28.584,0,0.3004,0.0095,-0.0206,0.2995,-177.06,-8.85,-0.58
2025-10-21 20:26:40.967,28.718,0,0.3004,0.0095,-0.0206,0.2995,-177.06,-8.85,-0.58
2025-10-21 20:26:41.099,28.850,0,0.3004,0.0095,-0.0206,0.2995,-177.06,-8.85,-0.58
2025-10-21 20:26:41.237,28.988,0,0.3004,0.0095,-0.0206,0.2995,-177.06,-8.85,-0.58
2025-10-21 20:26:41.367,29.117,0,0.3004,0.0095,-0.0206,0.2995,-177.06,-8.85,-0.58
2025-10-21 20:26:41.470,29.220,0,0.3004,0.0095,-0.0206,0.2995,-177.06,-8.85,-0.58
2025-10-21 20:26:41.603,29.353,0,0.3004,0.0095,-0.0206,0.2995,-177.06,-8.85,-0.58
2025-10-21 20:26:41.734,29.485,0,0.3004,0.0095,-0.0206,0.2995,-177.06,-8.85,-0.58
2025-10-21 20:26:41.835,29.585,0,0.3004,0.0095,-0.0206,0.2995,-177.06,-8.85,-0.58
2025-10-21 20:26:41.969,29.719,0,0.3004,0.0095,-0.0206,0.2995,-177.06,-8.85,-0.58
2025-10-21 20:26:42.104,29.854,0,0.3004,0.0095,-0.0206,0.2995,-177.06,-8.85,-0.58
2025-10-21 20:26:42.238,29.988,0,0.3004,0.0095,-0.0206,0.2995,-177.06,-8.85,-0.58
2025-10-21 20:26:42.370,30.120,0,0.3004,0.0095,-0.0206,0.2995,-177.06,-8.85,-0.58
2025-10-21 20:26:42.503,30.253,0,0.3004,0.0095,-0.0206,0.2995,-177.06,-8.85,-0.58
2025-10-21 20:26:42.636,30.386,0,0.3004,0.0095,-0.0206,0.2995,-177.06,-8.85,-0.58
2025-10-21 20:26:42.737,30.487,0,0.3004,0.0095,-0.0206,0.2995,-177.06,-8.85,-0.58
2025-10-21 20:26:42.869,30.619,0,0.3004,0.0095,-0.0206,0.2995,-177.06,-8.85,-0.58
2025-10-21 20:26:43.003,30.753,0,0.3004,0.0095,-0.0206,0.2995,-177.06,-8.85,-0.58
2025-10-21 20:26:43.137,30.887,0,0.3004,0.0095,-0.0206,0.2995,-177.06,-8.85,-0.58
2025-10-21 20:26:43.273,31.023,0,0.3004,0.0095,-0.0206,0.2995,-177.06,-8.85,-0.58
2025-10-21 20:26:43.403,31.153,0,0.3004,0.0095,-0.0206,0.2995,-177.06,-8.85,-0.58
2025-10-21 20:26:43.536,31.286,0,0.3004,0.0095,-0.0206,0.2995,-177.06,-8.85,-0.58
2025-10-21 20:26:43.668,31.419,0,0.3028,0.0095,-0.0207,0.3020,179.48,10.48,-0.06
2025-10-21 20:26:43.806,31.557,0,0.3004,0.0095,-0.0206,0.2995,-177.06,-8.85,-0.58
2025-10-21 20:26:43.936,31.686,0,0.2939,0.0086,-0.0204,0.2930,-158.43,-0.28,0.00
2025-10-21 20:26:44.072,31.822,0,0.3003,0.0011,-0.0207,0.2996,-176.33,-10.10,-0.68
2025-10-21 20:26:44.205,31.955,0,0.3011,-0.0015,-0.0208,0.3004,-167.99,1.82,1.05
2025-10-21 20:26:44.336,32.087,0,0.2977,-0.0040,-0.0210,0.2970,177.04,-0.16,-0.02
2025-10-21 20:26:44.469,32.220,0,0.2976,-0.0040,-0.0210,0.2968,-164.55,3.17,1.03
2025-10-21 20:26:44.605,32.355,0,0.3009,-0.0039,-0.0206,0.3001,175.09,-2.41,0.75
2025-10-21 20:26:44.742,32.492,0,0.3009,-0.0039,-0.0206,0.3001,175.09,-2.41,0.75
2025-10-21 20:26:44.871,32.621,0,0.3009,-0.0039,-0.0206,0.3001,175.09,-2.41,0.75
2025-10-21 20:26:44.974,32.724,0,0.3009,-0.0039,-0.0206,0.3001,175.09,-2.41,0.75
2025-10-21 20:26:45.082,32.832,0,0.3009,-0.0039,-0.0206,0.3001,175.09,-2.41,0.75
2025-10-21 20:26:45.203,32.953,0,0.3009,-0.0039,-0.0206,0.3001,175.09,-2.41,0.75
2025-10-21 20:26:45.304,33.054,0,0.3009,-0.0039,-0.0206,0.3001,175.09,-2.41,0.75
2025-10-21 20:26:45.404,33.155,0,0.3009,-0.0039,-0.0206,0.3001,175.09,-2.41,0.75
2025-10-21 20:26:45.505,33.255,0,0.3009,-0.0039,-0.0206,0.3001,175.09,-2.41,0.75
2025-10-21 20:26:45.638,33.388,0,0.3009,-0.0039,-0.0206,0.3001,175.09,-2.41,0.75
2025-10-21 20:26:45.740,33.491,0,0.3009,-0.0039,-0.0206,0.3001,175.09,-2.41,0.75
2025-10-21 20:26:45.874,33.624,0,0.3009,-0.0039,-0.0206,0.3001,175.09,-2.41,0.75
2025-10-21 20:26:46.007,33.758,0,0.3009,-0.0039,-0.0206,0.3001,175.09,-2.41,0.75
2025-10-21 20:26:46.138,33.888,0,0.3009,-0.0039,-0.0206,0.3001,175.09,-2.41,0.75
2025-10-21 20:26:46.271,34.022,0,0.3009,-0.0039,-0.0206,0.3001,175.09,-2.41,0.75
2025-10-21 20:26:46.409,34.159,0,0.3009,-0.0039,-0.0206,0.3001,175.09,-2.41,0.75
2025-10-21 20:26:46.539,34.290,0,0.3009,-0.0039,-0.0206,0.3001,175.09,-2.41,0.75
2025-10-21 20:26:46.640,34.390,0,0.3009,-0.0039,-0.0206,0.3001,175.09,-2.41,0.75
2025-10-21 20:26:46.773,34.524,0,0.3009,-0.0039,-0.0206,0.3001,175.09,-2.41,0.75
2025-10-21 20:26:46.905,34.655,0,0.3009,-0.0039,-0.0206,0.3001,175.09,-2.41,0.75
2025-10-21 20:26:47.037,34.788,0,0.3009,-0.0039,-0.0206,0.3001,175.09,-2.41,0.75
2025-10-21 20:26:47.141,34.891,0,0.3009,-0.0039,-0.0206,0.3001,175.09,-2.41,0.75
2025-10-21 20:26:47.271,35.022,0,0.3009,-0.0039,-0.0206,0.3001,175.09,-2.41,0.75
2025-10-21 20:26:47.372,35.122,0,0.2983,-0.0039,-0.0206,0.2976,176.85,6.85,0.41
2025-10-21 20:26:47.472,35.222,0,0.3009,-0.0039,-0.0206,0.3001,175.09,-2.41,0.75
2025-10-21 20:26:47.573,35.323,0,0.3009,-0.0039,-0.0206,0.3001,175.09,-2.41,0.75
2025-10-21 20:26:47.705,35.456,0,0.3009,-0.0039,-0.0206,0.3001,175.09,-2.41,0.75
2025-10-21 20:26:47.839,35.590,0,0.3009,-0.0039,-0.0206,0.3001,175.09,-2.41,0.75
2025-10-21 20:26:47.976,35.726,0,0.3009,-0.0039,-0.0206,0.3001,175.09,-2.41,0.75
2025-10-21 20:26:48.105,35.856,0,0.3009,-0.0039,-0.0206,0.3001,175.09,-2.41,0.75
2025-10-21 20:26:48.209,35.959,0,0.3009,-0.0039,-0.0206,0.3001,175.09,-2.41,0.75
2025-10-21 20:26:48.342,36.092,0,0.3009,-0.0039,-0.0206,0.3001,175.09,-2.41,0.75
2025-10-21 20:26:48.472,36.222,0,0.3009,-0.0039,-0.0206,0.3001,175.09,-2.41,0.75
2025-10-21 20:26:48.575,36.326,0,0.3009,-0.0039,-0.0206,0.3001,175.09,-2.41,0.75
2025-10-21 20:26:48.676,36.427,0,0.3009,-0.0039,-0.0206,0.3001,175.09,-2.41,0.75
2025-10-21 20:26:48.806,36.556,0,0.3009,-0.0039,-0.0206,0.3001,175.09,-2.41,0.75
2025-10-21 20:26:48.909,36.659,0,0.3009,-0.0039,-0.0206,0.3001,175.09,-2.41,0.75
2025-10-21 20:26:49.040,36.790,0,0.3009,-0.0039,-0.0206,0.3001,175.09,-2.41,0.75
2025-10-21 20:26:49.175,36.925,0,0.3009,-0.0039,-0.0206,0.3001,175.09,-2.41,0.75
2025-10-21 20:26:49.309,37.059,0,0.3009,-0.0039,-0.0206,0.3001,175.09,-2.41,0.75
2025-10-21 20:26:49.442,37.192,0,0.3009,-0.0039,-0.0206,0.3001,175.09,-2.41,0.75
2025-10-21 20:26:49.574,37.324,0,0.3009,-0.0039,-0.0206,0.3001,175.09,-2.41,0.75
2025-10-21 20:26:49.677,37.427,0,0.2983,-0.0039,-0.0206,0.2976,176.85,6.85,0.41
2025-10-21 20:26:49.806,37.557,0,0.3009,-0.0039,-0.0206,0.3001,175.09,-2.41,0.75
2025-10-21 20:26:49.908,37.658,0,0.3009,-0.0039,-0.0206,0.3001,175.09,-2.41,0.75
2025-10-21 20:26:50.041,37.791,0,0.3009,-0.0039,-0.0206,0.3001,175.09,-2.41,0.75
2025-10-21 20:26:50.142,37.892,0,0.3009,-0.0039,-0.0206,0.3001,175.09,-2.41,0.75
2025-10-21 20:26:50.278,38.028,0,0.3009,-0.0039,-0.0206,0.3001,175.09,-2.41,0.75
2025-10-21 20:26:50.411,38.161,0,0.3009,-0.0039,-0.0206,0.3001,175.09,-2.41,0.75
2025-10-21 20:26:50.542,38.292,0,0.2972,-0.0040,-0.0204,0.2965,172.11,-4.77,0.49
2025-10-21 20:26:50.644,38.394,0,0.3009,-0.0039,-0.0206,0.3001,175.09,-2.41,0.75
2025-10-21 20:26:50.777,38.528,0,0.3007,-0.0039,-0.0207,0.3000,171.03,-3.75,1.25
2025-10-21 20:26:50.912,38.662,0,0.2977,-0.0040,-0.0205,0.2970,177.03,-0.17,-0.02
2025-10-21 20:26:51.012,38.763,0,0.2977,-0.0040,-0.0205,0.2970,177.03,-0.17,-0.02
2025-10-21 20:26:51.146,38.896,0,0.2978,-0.0040,-0.0203,0.2971,169.27,-0.49,-0.04
2025-10-21 20:26:51.275,39.026,0,0.3009,-0.0039,-0.0206,0.3001,175.09,-2.41,0.75
2025-10-21 20:26:51.376,39.127,0,0.3009,-0.0039,-0.0206,0.3001,175.09,-2.41,0.75
2025-10-21 20:26:51.510,39.260,0,0.3009,-0.0039,-0.0206,0.3001,175.09,-2.41,0.75
2025-10-21 20:26:51.642,39.392,0,0.3009,-0.0039,-0.0206,0.3001,175.09,-2.41,0.75
2025-10-21 20:26:51.776,39.526,0,0.3009,-0.0039,-0.0206,0.3001,175.09,-2.41,0.75
2025-10-21 20:26:51.877,39.627,0,0.3009,-0.0039,-0.0206,0.3001,175.09,-2.41,0.75
2025-10-21 20:26:52.009,39.759,0,0.3009,-0.0039,-0.0206,0.3001,175.09,-2.41,0.75
2025-10-21 20:26:52.109,39.859,0,0.3009,-0.0039,-0.0206,0.3001,175.09,-2.41,0.75
2025-10-21 20:26:52.210,39.960,0,0.3009,-0.0039,-0.0206,0.3001,175.09,-2.41,0.75
2025-10-21 20:26:52.310,40.060,0,0.3009,-0.0039,-0.0206,0.3001,175.09,-2.41,0.75
2025-10-21 20:26:52.412,40.162,0,0.3009,-0.0039,-0.0206,0.3001,175.09,-2.41,0.75
2025-10-21 20:26:52.514,40.265,0,0.3009,-0.0039,-0.0206,0.3001,175.09,-2.41,0.75
2025-10-21 20:26:52.646,40.396,0,0.3009,-0.0039,-0.0206,0.3001,175.09,-2.41,0.75
2025-10-21 20:26:52.746,40.496,0,0.3009,-0.0039,-0.0206,0.3001,175.09,-2.41,0.75
2025-10-21 20:26:52.877,40.627,0,0.3009,-0.0039,-0.0206,0.3001,175.09,-2.41,0.75
2025-10-21 20:26:53.009,40.759,0,0.3009,-0.0039,-0.0206,0.3001,175.09,-2.41,0.75
2025-10-21 20:26:53.110,40.861,0,0.3009,-0.0039,-0.0206,0.3001,175.09,-2.41,0.75
2025-10-21 20:26:53.243,40.993,0,0.3009,-0.0039,-0.0206,0.3001,175.09,-2.41,0.75
2025-10-21 20:26:53.347,41.097,0,0.3009,-0.0039,-0.0206,0.3001,175.09,-2.41,0.75
2025-10-21 20:26:53.476,41.227,0,0.3009,-0.0039,-0.0206,0.3001,175.09,-2.41,0.75
2025-10-21 20:26:53.577,41.328,0,0.3009,-0.0039,-0.0206,0.3001,175.09,-2.41,0.75
2025-10-21 20:26:53.713,41.463,0,0.3009,-0.0039,-0.0206,0.3001,175.09,-2.41,0.75
2025-10-21 20:26:53.844,41.594,0,0.3009,-0.0039,-0.0206,0.3001,175.09,-2.41,0.75
2025-10-21 20:26:53.946,41.696,0,0.3009,-0.0039,-0.0206,0.3001,175.09,-2.41,0.75
2025-10-21 20:26:54.078,41.829,0,0.3009,-0.0039,-0.0206,0.3001,175.09,-2.41,0.75
2025-10-21 20:26:54.212,41.962,0,0.3009,-0.0039,-0.0206,0.3001,175.09,-2.41,0.75
2025-10-21 20:26:54.346,42.096,0,0.3009,-0.0039,-0.0206,0.3001,175.09,-2.41,0.75
2025-10-21 20:26:54.479,42.230,0,0.3009,-0.0039,-0.0206,0.3001,175.09,-2.41,0.75
2025-10-21 20:26:54.612,42.362,0,0.3009,-0.0039,-0.0206,0.3001,175.09,-2.41,0.75
2025-10-21 20:26:54.715,42.466,0,0.3009,-0.0039,-0.0206,0.3001,175.09,-2.41,0.75
2025-10-21 20:26:54.849,42.599,0,0.3009,-0.0039,-0.0206,0.3001,175.09,-2.41,0.75
2025-10-21 20:26:54.980,42.730,0,0.3009,-0.0039,-0.0206,0.3001,175.09,-2.41,0.75
2025-10-21 20:26:55.081,42.832,0,0.3009,-0.0039,-0.0206,0.3001,175.09,-2.41,0.75
2025-10-21 20:26:55.213,42.963,0,0.3009,-0.0039,-0.0206,0.3001,175.09,-2.41,0.75
2025-10-21 20:26:55.314,43.064,0,0.3009,-0.0039,-0.0206,0.3001,175.09,-2.41,0.75
2025-10-21 20:26:55.415,43.166,0,0.3009,-0.0039,-0.0206,0.3001,175.09,-2.41,0.75
2025-10-21 20:26:55.546,43.296,0,0.3009,-0.0039,-0.0206,0.3001,175.09,-2.41,0.75
2025-10-21 20:26:55.648,43.398,0,0.3009,-0.0039,-0.0206,0.3001,175.09,-2.41,0.75
2025-10-21 20:26:55.748,43.499,0,0.3009,-0.0039,-0.0206,0.3001,175.09,-2.41,0.75
2025-10-21 20:26:55.880,43.630,0,0.3009,-0.0039,-0.0206,0.3001,175.09,-2.41,0.75
2025-10-21 20:26:55.980,43.730,0,0.3009,-0.0039,-0.0206,0.3001,175.09,-2.41,0.75
2025-10-21 20:26:56.112,43.862,0,0.3009,-0.0039,-0.0206,0.3001,175.09,-2.41,0.75
2025-10-21 20:26:56.214,43.964,0,0.3009,-0.0039,-0.0206,0.3001,175.09,-2.41,0.75
2025-10-21 20:26:56.346,44.096,0,0.3009,-0.0039,-0.0206,0.3001,175.09,-2.41,0.75
2025-10-21 20:26:56.447,44.197,0,0.3009,-0.0039,-0.0206,0.3001,175.09,-2.41,0.75
2025-10-21 20:26:56.548,44.298,0,0.3009,-0.0039,-0.0206,0.3001,175.09,-2.41,0.75
2025-10-21 20:26:56.678,44.429,0,0.3009,-0.0039,-0.0206,0.3001,175.09,-2.41,0.75
2025-10-21 20:26:56.782,44.533,0,0.3009,-0.0039,-0.0206,0.3001,175.09,-2.41,0.75
2025-10-21 20:26:56.914,44.664,0,0.3009,-0.0039,-0.0206,0.3001,175.09,-2.41,0.75
2025-10-21 20:26:57.049,44.799,0,0.3009,-0.0039,-0.0206,0.3001,175.09,-2.41,0.75
2025-10-21 20:26:57.179,44.929,0,0.3009,-0.0039,-0.0206,0.3001,175.09,-2.41,0.75
2025-10-21 20:26:57.280,45.030,0,0.3009,-0.0039,-0.0206,0.3001,175.09,-2.41,0.75
2025-10-21 20:26:57.382,45.132,0,0.3009,-0.0039,-0.0206,0.3001,175.09,-2.41,0.75
2025-10-21 20:26:57.513,45.263,0,0.3009,-0.0039,-0.0206,0.3001,175.09,-2.41,0.75
2025-10-21 20:26:57.615,45.365,0,0.3009,-0.0039,-0.0206,0.3001,175.09,-2.41,0.75
2025-10-21 20:26:57.748,45.498,0,0.3009,-0.0039,-0.0206,0.3001,175.09,-2.41,0.75
2025-10-21 20:26:57.882,45.632,0,0.3009,-0.0039,-0.0206,0.3001,175.09,-2.41,0.75
2025-10-21 20:26:58.015,45.765,0,0.3009,-0.0039,-0.0206,0.3001,175.09,-2.41,0.75
2025-10-21 20:26:58.147,45.897,0,0.3009,-0.0039,-0.0206,0.3001,175.09,-2.41,0.75
2025-10-21 20:26:58.252,46.002,0,0.3009,-0.0039,-0.0206,0.3001,175.09,-2.41,0.75
2025-10-21 20:26:58.382,46.132,0,0.3009,-0.0039,-0.0206,0.3001,175.09,-2.41,0.75
2025-10-21 20:26:58.514,46.264,0,0.3009,-0.0039,-0.0206,0.3001,175.09,-2.41,0.75
2025-10-21 20:26:58.618,46.368,0,0.3009,-0.0039,-0.0206,0.3001,175.09,-2.41,0.75
2025-10-21 20:26:58.749,46.500,0,0.3009,-0.0039,-0.0206,0.3001,175.09,-2.41,0.75
2025-10-21 20:26:58.882,46.632,0,0.3009,-0.0039,-0.0206,0.3001,175.09,-2.41,0.75
2025-10-21 20:26:59.014,46.764,0,0.3009,-0.0039,-0.0206,0.3001,175.09,-2.41,0.75
2025-10-21 20:26:59.114,46.865,0,0.3009,-0.0039,-0.0206,0.3001,175.09,-2.41,0.75
2025-10-21 20:26:59.216,46.966,0,0.3009,-0.0039,-0.0206,0.3001,175.09,-2.41,0.75
2025-10-21 20:26:59.347,47.098,0,0.3009,-0.0039,-0.0206,0.3001,175.09,-2.41,0.75
2025-10-21 20:26:59.448,47.199,0,0.3009,-0.0039,-0.0206,0.3001,175.09,-2.41,0.75
2025-10-21 20:26:59.553,47.303,0,0.3009,-0.0039,-0.0206,0.3001,175.09,-2.41,0.75
2025-10-21 20:26:59.681,47.431,0,0.3009,-0.0039,-0.0206,0.3001,175.09,-2.41,0.75
2025-10-21 20:26:59.782,47.532,0,0.3009,-0.0039,-0.0206,0.3001,175.09,-2.41,0.75
2025-10-21 20:26:59.919,47.669,0,0.3009,-0.0039,-0.0206,0.3001,175.09,-2.41,0.75
2025-10-21 20:27:00.050,47.800,0,0.3009,-0.0039,-0.0206,0.3001,175.09,-2.41,0.75
2025-10-21 20:27:00.181,47.931,0,0.3009,-0.0039,-0.0206,0.3001,175.09,-2.41,0.75
2025-10-21 20:27:00.286,48.036,0,0.3009,-0.0039,-0.0206,0.3001,175.09,-2.41,0.75
2025-10-21 20:27:00.415,48.166,0,0.3009,-0.0039,-0.0206,0.3001,175.09,-2.41,0.75
2025-10-21 20:27:00.515,48.266,0,0.3009,-0.0039,-0.0206,0.3001,175.09,-2.41,0.75
2025-10-21 20:27:00.616,48.367,0,0.3009,-0.0039,-0.0206,0.3001,175.09,-2.41,0.75
2025-10-21 20:27:00.750,48.500,0,0.3009,-0.0039,-0.0206,0.3001,175.09,-2.41,0.75
2025-10-21 20:27:00.850,48.600,0,0.3009,-0.0039,-0.0206,0.3001,175.09,-2.41,0.75
2025-10-21 20:27:00.985,48.735,0,0.3009,-0.0039,-0.0206,0.3001,175.09,-2.41,0.75
2025-10-21 20:27:01.116,48.866,0,0.3009,-0.0039,-0.0206,0.3001,175.09,-2.41,0.75
2025-10-21 20:27:01.249,48.999,0,0.3009,-0.0039,-0.0206,0.3001,175.09,-2.41,0.75
2025-10-21 20:27:01.350,49.101,0,0.3009,-0.0039,-0.0206,0.3001,175.09,-2.41,0.75
2025-10-21 20:27:01.483,49.233,0,0.3009,-0.0039,-0.0206,0.3001,175.09,-2.41,0.75
2025-10-21 20:27:01.617,49.367,0,0.3009,-0.0039,-0.0206,0.3001,175.09,-2.41,0.75
2025-10-21 20:27:01.751,49.501,0,0.3009,-0.0039,-0.0206,0.3001,175.09,-2.41,0.75
2025-10-21 20:27:01.884,49.634,0,0.3009,-0.0039,-0.0206,0.3001,175.09,-2.41,0.75
2025-10-21 20:27:01.985,49.735,0,0.3008,-0.0042,-0.0206,0.3000,175.13,1.94,-0.81
2025-10-21 20:27:02.117,49.867,0,0.3009,-0.0039,-0.0206,0.3001,175.09,-2.41,0.75
2025-10-21 20:27:02.250,50.000,0,0.3009,-0.0039,-0.0206,0.3001,175.09,-2.41,0.75
2025-10-21 20:27:02.352,50.103,0,0.3009,-0.0039,-0.0206,0.3001,175.09,-2.41,0.75
2025-10-21 20:27:02.486,50.236,0,0.3009,-0.0039,-0.0206,0.3001,175.09,-2.41,0.75
2025-10-21 20:27:02.618,50.368,0,0.3009,-0.0039,-0.0206,0.3001,175.09,-2.41,0.75
2025-10-21 20:27:02.751,50.501,0,0.3009,-0.0039,-0.0206,0.3001,175.09,-2.41,0.75
2025-10-21 20:27:02.856,50.606,0,0.3009,-0.0039,-0.0206,0.3001,175.09,-2.41,0.75
2025-10-21 20:27:02.983,50.734,0,0.3009,-0.0039,-0.0206,0.3001,175.09,-2.41,0.75
2025-10-21 20:27:03.087,50.838,0,0.3009,-0.0039,-0.0206,0.3001,175.09,-2.41,0.75
2025-10-21 20:27:03.220,50.970,0,0.3009,-0.0039,-0.0206,0.3001,175.09,-2.41,0.75
2025-10-21 20:27:03.355,51.105,0,0.3009,-0.0039,-0.0206,0.3001,175.09,-2.41,0.75
2025-10-21 20:27:03.486,51.237,0,0.3009,-0.0039,-0.0206,0.3001,175.09,-2.41,0.75
2025-10-21 20:27:03.619,51.369,0,0.3009,-0.0039,-0.0206,0.3001,175.09,-2.41,0.75
2025-10-21 20:27:03.753,51.503,0,0.3009,-0.0039,-0.0206,0.3001,175.09,-2.41,0.75
2025-10-21 20:27:03.885,51.635,0,0.3009,-0.0039,-0.0206,0.3001,175.09,-2.41,0.75
2025-10-21 20:27:04.024,51.774,0,0.3009,-0.0039,-0.0206,0.3001,175.09,-2.41,0.75
2025-10-21 20:27:04.152,51.902,0,0.3009,-0.0039,-0.0206,0.3001,175.09,-2.41,0.75
2025-10-21 20:27:04.253,52.003,0,0.3009,-0.0039,-0.0206,0.3001,175.09,-2.41,0.75
2025-10-21 20:27:04.354,52.104,0,0.3009,-0.0039,-0.0206,0.3001,175.09,-2.41,0.75
2025-10-21 20:27:04.487,52.237,0,0.3009,-0.0039,-0.0206,0.3001,175.09,-2.41,0.75
2025-10-21 20:27:04.588,52.338,0,0.3009,-0.0039,-0.0206,0.3001,175.09,-2.41,0.75
2025-10-21 20:27:04.719,52.470,0,0.3009,-0.0039,-0.0206,0.3001,175.09,-2.41,0.75
2025-10-21 20:27:04.853,52.604,0,0.3009,-0.0039,-0.0206,0.3001,175.09,-2.41,0.75
2025-10-21 20:27:04.954,52.705,0,0.3009,-0.0039,-0.0206,0.3001,175.09,-2.41,0.75
2025-10-21 20:27:05.085,52.835,0,0.3009,-0.0039,-0.0206,0.3001,175.09,-2.41,0.75
2025-10-21 20:27:05.186,52.937,0,0.3009,-0.0039,-0.0206,0.3001,175.09,-2.41,0.75
2025-10-21 20:27:05.288,53.038,0,0.3009,-0.0039,-0.0206,0.3001,175.09,-2.41,0.75
2025-10-21 20:27:05.424,53.174,0,0.3009,-0.0039,-0.0206,0.3001,175.09,-2.41,0.75
2025-10-21 20:27:05.555,53.305,0,0.3008,-0.0042,-0.0206,0.3000,175.13,1.94,-0.81
2025-10-21 20:27:05.686,53.436,0,0.3009,-0.0039,-0.0206,0.3001,175.09,-2.41,0.75
2025-10-21 20:27:05.820,53.570,0,0.3009,-0.0039,-0.0206,0.3001,175.09,-2.41,0.75
2025-10-21 20:27:05.957,53.707,0,0.3009,-0.0039,-0.0206,0.3001,175.09,-2.41,0.75
2025-10-21 20:27:06.086,53.836,0,0.3009,-0.0039,-0.0206,0.3001,175.09,-2.41,0.75
2025-10-21 20:27:06.188,53.938,0,0.3009,-0.0039,-0.0206,0.3001,175.09,-2.41,0.75
2025-10-21 20:27:06.289,54.039,0,0.3009,-0.0039,-0.0206,0.3001,175.09,-2.41,0.75
2025-10-21 20:27:06.422,54.172,0,0.3009,-0.0039,-0.0206,0.3001,175.09,-2.41,0.75
2025-10-21 20:27:06.557,54.307,0,0.3009,-0.0039,-0.0206,0.3001,175.09,-2.41,0.75
2025-10-21 20:27:06.688,54.439,0,0.3009,-0.0039,-0.0206,0.3001,175.09,-2.41,0.75
2025-10-21 20:27:06.789,54.539,0,0.3009,-0.0039,-0.0206,0.3001,175.09,-2.41,0.75
2025-10-21 20:27:06.920,54.671,0,0.3009,-0.0039,-0.0206,0.3001,175.09,-2.41,0.75
2025-10-21 20:27:07.021,54.771,0,0.3009,-0.0039,-0.0206,0.3001,175.09,-2.41,0.75
2025-10-21 20:27:07.157,54.907,0,0.3009,-0.0039,-0.0206,0.3001,175.09,-2.41,0.75
2025-10-21 20:27:07.259,55.010,0,0.3009,-0.0039,-0.0206,0.3001,175.09,-2.41,0.75
2025-10-21 20:27:07.388,55.138,0,0.3009,-0.0039,-0.0206,0.3001,175.09,-2.41,0.75
2025-10-21 20:27:07.522,55.272,0,0.3009,-0.0039,-0.0206,0.3001,175.09,-2.41,0.75
2025-10-21 20:27:07.623,55.373,0,0.3009,-0.0039,-0.0206,0.3001,175.09,-2.41,0.75
2025-10-21 20:27:07.724,55.475,0,0.3009,-0.0039,-0.0206,0.3001,175.09,-2.41,0.75
2025-10-21 20:27:07.827,55.577,0,0.3009,-0.0039,-0.0206,0.3001,175.09,-2.41,0.75
2025-10-21 20:27:07.957,55.708,0,0.3008,-0.0042,-0.0206,0.3000,175.13,1.94,-0.81
2025-10-21 20:27:08.089,55.839,0,0.3009,-0.0039,-0.0206,0.3001,175.09,-2.41,0.75
2025-10-21 20:27:08.226,55.976,0,0.3009,-0.0039,-0.0206,0.3001,175.09,-2.41,0.75
2025-10-21 20:27:08.354,56.105,0,0.3009,-0.0039,-0.0206,0.3001,175.09,-2.41,0.75
2025-10-21 20:27:08.455,56.205,0,0.3009,-0.0039,-0.0206,0.3001,175.09,-2.41,0.75
2025-10-21 20:27:08.557,56.307,0,0.3009,-0.0039,-0.0206,0.3001,175.09,-2.41,0.75
2025-10-21 20:27:08.688,56.439,0,0.3009,-0.0039,-0.0206,0.3001,175.09,-2.41,0.75
2025-10-21 20:27:08.790,56.540,0,0.3009,-0.0039,-0.0206,0.3001,175.09,-2.41,0.75
2025-10-21 20:27:08.925,56.675,0,0.3009,-0.0039,-0.0206,0.3001,175.09,-2.41,0.75
2025-10-21 20:27:09.025,56.776,0,0.3009,-0.0039,-0.0206,0.3001,175.09,-2.41,0.75
2025-10-21 20:27:09.158,56.908,0,0.3009,-0.0039,-0.0206,0.3001,175.09,-2.41,0.75
2025-10-21 20:27:09.291,57.041,0,0.3009,-0.0039,-0.0206,0.3001,175.09,-2.41,0.75
2025-10-21 20:27:09.393,57.143,0,0.3009,-0.0039,-0.0206,0.3001,175.09,-2.41,0.75
2025-10-21 20:27:09.495,57.245,0,0.3009,-0.0039,-0.0206,0.3001,175.09,-2.41,0.75
2025-10-21 20:27:09.624,57.374,0,0.3009,-0.0039,-0.0206,0.3001,175.09,-2.41,0.75
2025-10-21 20:27:09.757,57.507,0,0.3009,-0.0039,-0.0206,0.3001,175.09,-2.41,0.75
2025-10-21 20:27:09.894,57.644,0,0.3009,-0.0039,-0.0206,0.3001,175.09,-2.41,0.75
2025-10-21 20:27:09.995,57.745,0,0.3009,-0.0039,-0.0206,0.3001,175.09,-2.41,0.75
2025-10-21 20:27:10.127,57.878,0,0.3009,-0.0039,-0.0206,0.3001,175.09,-2.41,0.75
2025-10-21 20:27:10.259,58.010,0,0.3009,-0.0039,-0.0206,0.3001,175.09,-2.41,0.75
2025-10-21 20:27:10.390,58.140,0,0.3009,-0.0039,-0.0206,0.3001,175.09,-2.41,0.75
2025-10-21 20:27:10.492,58.243,0,0.3009,-0.0039,-0.0206,0.3001,175.09,-2.41,0.75
2025-10-21 20:27:10.593,58.343,0,0.3009,-0.0039,-0.0206,0.3001,175.09,-2.41,0.75
2025-10-21 20:27:10.725,58.475,0,0.3009,-0.0039,-0.0206,0.3001,175.09,-2.41,0.75
2025-10-21 20:27:10.826,58.577,0,0.3009,-0.0039,-0.0206,0.3001,175.09,-2.41,0.75
2025-10-21 20:27:10.961,58.711,0,0.3009,-0.0039,-0.0206,0.3001,175.09,-2.41,0.75
2025-10-21 20:27:11.092,58.842,0,0.3009,-0.0039,-0.0206,0.3001,175.09,-2.41,0.75
2025-10-21 20:27:11.192,58.942,0,0.3009,-0.0039,-0.0206,0.3001,175.09,-2.41,0.75
2025-10-21 20:27:11.324,59.074,0,0.3009,-0.0039,-0.0206,0.3001,175.09,-2.41,0.75
2025-10-21 20:27:11.426,59.176,0,0.3009,-0.0039,-0.0206,0.3001,175.09,-2.41,0.75
2025-10-21 20:27:11.559,59.309,0,0.3009,-0.0039,-0.0206,0.3001,175.09,-2.41,0.75
2025-10-21 20:27:11.660,59.410,0,0.3009,-0.0039,-0.0206,0.3001,175.09,-2.41,0.75
2025-10-21 20:27:11.794,59.544,0,0.3009,-0.0039,-0.0206,0.3001,175.09,-2.41,0.75
2025-10-21 20:27:11.924,59.674,0,0.3009,-0.0039,-0.0206,0.3001,175.09,-2.41,0.75
2025-10-21 20:27:12.029,59.779,0,0.3009,-0.0039,-0.0206,0.3001,175.09,-2.41,0.75
2025-10-21 20:27:12.159,59.909,0,0.3009,-0.0039,-0.0206,0.3001,175.09,-2.41,0.75
2025-10-21 20:27:12.291,60.042,0,0.3009,-0.0039,-0.0206,0.3001,175.09,-2.41,0.75
2025-10-21 20:27:12.393,60.143,0,0.3009,-0.0039,-0.0206,0.3001,175.09,-2.41,0.75
2025-10-21 20:27:12.494,60.244,0,0.3009,-0.0039,-0.0206,0.3001,175.09,-2.41,0.75
2025-10-21 20:27:12.625,60.375,0,0.3009,-0.0039,-0.0206,0.3001,175.09,-2.41,0.75
2025-10-21 20:27:12.761,60.511,0,0.3009,-0.0039,-0.0206,0.3001,175.09,-2.41,0.75
2025-10-21 20:27:12.894,60.644,0,0.3009,-0.0039,-0.0206,0.3001,175.09,-2.41,0.75
2025-10-21 20:27:12.996,60.746,0,0.3009,-0.0039,-0.0206,0.3001,175.09,-2.41,0.75
2025-10-21 20:27:13.127,60.877,0,0.3009,-0.0039,-0.0206,0.3001,175.09,-2.41,0.75
2025-10-21 20:27:13.258,61.008,0,0.3009,-0.0039,-0.0206,0.3001,175.09,-2.41,0.75
2025-10-21 20:27:13.360,61.110,0,0.3009,-0.0039,-0.0206,0.3001,175.09,-2.41,0.75
2025-10-21 20:27:13.495,61.245,0,0.3009,-0.0039,-0.0206,0.3001,175.09,-2.41,0.75
2025-10-21 20:27:13.626,61.376,0,0.3009,-0.0039,-0.0206,0.3001,175.09,-2.41,0.75
2025-10-21 20:27:13.728,61.478,0,0.3009,-0.0039,-0.0206,0.3001,175.09,-2.41,0.75
2025-10-21 20:27:13.829,61.580,0,0.3009,-0.0039,-0.0206,0.3001,175.09,-2.41,0.75
2025-10-21 20:27:13.963,61.713,0,0.3009,-0.0039,-0.0206,0.3001,175.09,-2.41,0.75
2025-10-21 20:27:14.095,61.845,0,0.3009,-0.0039,-0.0206,0.3001,175.09,-2.41,0.75
2025-10-21 20:27:14.226,61.976,0,0.3009,-0.0039,-0.0206,0.3001,175.09,-2.41,0.75
2025-10-21 20:27:14.327,62.078,0,0.3009,-0.0039,-0.0206,0.3001,175.09,-2.41,0.75
2025-10-21 20:27:14.462,62.212,0,0.3009,-0.0039,-0.0206,0.3001,175.09,-2.41,0.75
2025-10-21 20:27:14.594,62.344,0,0.3009,-0.0039,-0.0206,0.3001,175.09,-2.41,0.75
2025-10-21 20:27:14.730,62.480,0,0.3009,-0.0039,-0.0206,0.3001,175.09,-2.41,0.75
2025-10-21 20:27:14.859,62.610,0,0.3009,-0.0039,-0.0206,0.3001,175.09,-2.41,0.75
2025-10-21 20:27:14.960,62.710,0,0.3009,-0.0039,-0.0206,0.3001,175.09,-2.41,0.75
2025-10-21 20:27:15.063,62.813,0,0.3009,-0.0039,-0.0206,0.3001,175.09,-2.41,0.75
2025-10-21 20:27:15.196,62.946,0,0.3009,-0.0039,-0.0206,0.3001,175.09,-2.41,0.75
2025-10-21 20:27:15.328,63.078,0,0.3009,-0.0039,-0.0206,0.3001,175.09,-2.41,0.75
2025-10-21 20:27:15.428,63.178,0,0.3009,-0.0039,-0.0206,0.3001,175.09,-2.41,0.75
2025-10-21 20:27:15.531,63.281,0,0.3009,-0.0039,-0.0206,0.3001,175.09,-2.41,0.75
2025-10-21 20:27:15.661,63.412,0,0.3009,-0.0039,-0.0206,0.3001,175.09,-2.41,0.75
2025-10-21 20:27:15.762,63.512,0,0.3009,-0.0039,-0.0206,0.3001,175.09,-2.41,0.75
2025-10-21 20:27:15.896,63.646,0,0.3009,-0.0039,-0.0206,0.3001,175.09,-2.41,0.75
2025-10-21 20:27:16.027,63.777,0,0.3008,-0.0042,-0.0206,0.3000,175.13,1.94,-0.81
2025-10-21 20:27:16.129,63.879,0,0.3009,-0.0039,-0.0206,0.3001,175.09,-2.41,0.75
2025-10-21 20:27:16.262,64.013,0,0.3009,-0.0039,-0.0206,0.3001,175.09,-2.41,0.75
2025-10-21 20:27:16.395,64.145,0,0.3009,-0.0039,-0.0206,0.3001,175.09,-2.41,0.75
2025-10-21 20:27:16.496,64.246,0,0.3009,-0.0039,-0.0206,0.3001,175.09,-2.41,0.75
2025-10-21 20:27:16.628,64.378,0,0.3009,-0.0039,-0.0206,0.3001,175.09,-2.41,0.75
2025-10-21 20:27:16.730,64.480,0,0.3009,-0.0039,-0.0206,0.3001,175.09,-2.41,0.75
2025-10-21 20:27:16.831,64.581,0,0.3009,-0.0039,-0.0206,0.3001,175.09,-2.41,0.75
2025-10-21 20:27:16.932,64.682,0,0.3009,-0.0039,-0.0206,0.3001,175.09,-2.41,0.75
2025-10-21 20:27:17.062,64.812,0,0.3009,-0.0039,-0.0206,0.3001,175.09,-2.41,0.75
2025-10-21 20:27:17.165,64.915,0,0.3009,-0.0039,-0.0206,0.3001,175.09,-2.41,0.75
2025-10-21 20:27:17.295,65.045,0,0.3009,-0.0039,-0.0206,0.3001,175.09,-2.41,0.75
2025-10-21 20:27:17.396,65.147,0,0.3009,-0.0039,-0.0206,0.3001,175.09,-2.41,0.75
2025-10-21 20:27:17.529,65.279,0,0.3009,-0.0039,-0.0206,0.3001,175.09,-2.41,0.75
2025-10-21 20:27:17.630,65.380,0,0.3009,-0.0039,-0.0206,0.3001,175.09,-2.41,0.75
2025-10-21 20:27:17.730,65.481,0,0.3009,-0.0039,-0.0206,0.3001,175.09,-2.41,0.75
2025-10-21 20:27:17.863,65.614,0,0.3009,-0.0039,-0.0206,0.3001,175.09,-2.41,0.75
2025-10-21 20:27:17.996,65.746,0,0.3009,-0.0039,-0.0206,0.3001,175.09,-2.41,0.75
2025-10-21 20:27:18.100,65.850,0,0.3009,-0.0039,-0.0206,0.3001,175.09,-2.41,0.75
2025-10-21 20:27:18.232,65.982,0,0.3009,-0.0039,-0.0206,0.3001,175.09,-2.41,0.75
2025-10-21 20:27:18.364,66.114,0,0.3009,-0.0039,-0.0206,0.3001,175.09,-2.41,0.75
2025-10-21 20:27:18.496,66.246,0,0.3009,-0.0039,-0.0206,0.3001,175.09,-2.41,0.75
2025-10-21 20:27:18.599,66.349,0,0.3009,-0.0039,-0.0206,0.3001,175.09,-2.41,0.75
2025-10-21 20:27:18.729,66.480,0,0.3009,-0.0039,-0.0206,0.3001,175.09,-2.41,0.75
2025-10-21 20:27:18.832,66.582,0,0.3009,-0.0039,-0.0206,0.3001,175.09,-2.41,0.75
2025-10-21 20:27:18.963,66.713,0,0.3009,-0.0039,-0.0206,0.3001,175.09,-2.41,0.75
2025-10-21 20:27:19.063,66.813,0,0.3009,-0.0039,-0.0206,0.3001,175.09,-2.41,0.75
2025-10-21 20:27:19.165,66.915,0,0.3009,-0.0039,-0.0206,0.3001,175.09,-2.41,0.75
2025-10-21 20:27:19.301,67.051,0,0.3009,-0.0039,-0.0206,0.3001,175.09,-2.41,0.75
2025-10-21 20:27:19.430,67.181,0,0.3009,-0.0039,-0.0206,0.3001,175.09,-2.41,0.75
2025-10-21 20:27:19.531,67.282,0,0.3009,-0.0039,-0.0206,0.3001,175.09,-2.41,0.75
2025-10-21 20:27:19.634,67.384,0,0.3009,-0.0039,-0.0206,0.3001,175.09,-2.41,0.75
2025-10-21 20:27:19.750,67.501,0,0.3009,-0.0039,-0.0206,0.3001,175.09,-2.41,0.75
2025-10-21 20:27:19.852,67.602,0,0.3009,-0.0039,-0.0206,0.3001,175.09,-2.41,0.75
2025-10-21 20:27:19.973,67.723,0,0.3009,-0.0039,-0.0206,0.3001,175.09,-2.41,0.75
2025-10-21 20:27:20.084,67.835,0,0.3009,-0.0039,-0.0206,0.3001,175.09,-2.41,0.75
2025-10-21 20:27:20.213,67.963,0,0.3009,-0.0039,-0.0206,0.3001,175.09,-2.41,0.75
2025-10-21 20:27:20.332,68.082,0,0.3009,-0.0039,-0.0206,0.3001,175.09,-2.41,0.75
2025-10-21 20:27:20.468,68.218,0,0.3009,-0.0039,-0.0206,0.3001,175.09,-2.41,0.75
2025-10-21 20:27:20.599,68.349,0,0.3009,-0.0039,-0.0206,0.3001,175.09,-2.41,0.75
2025-10-21 20:27:20.732,68.482,0,0.3009,-0.0039,-0.0206,0.3001,175.09,-2.41,0.75
2025-10-21 20:27:20.833,68.584,0,0.3009,-0.0039,-0.0206,0.3001,175.09,-2.41,0.75
2025-10-21 20:27:20.965,68.716,0,0.3009,-0.0039,-0.0206,0.3001,175.09,-2.41,0.75
2025-10-21 20:27:21.067,68.817,0,0.3009,-0.0039,-0.0206,0.3001,175.09,-2.41,0.75
2025-10-21 20:27:21.198,68.948,0,0.3009,-0.0039,-0.0206,0.3001,175.09,-2.41,0.75
2025-10-21 20:27:21.300,69.050,0,0.3009,-0.0039,-0.0206,0.3001,175.09,-2.41,0.75
2025-10-21 20:27:21.432,69.182,0,0.3009,-0.0039,-0.0206,0.3001,175.09,-2.41,0.75
2025-10-21 20:27:21.532,69.283,0,0.3009,-0.0039,-0.0206,0.3001,175.09,-2.41,0.75
2025-10-21 20:27:21.633,69.384,0,0.3009,-0.0039,-0.0206,0.3001,175.09,-2.41,0.75
2025-10-21 20:27:21.735,69.485,0,0.3009,-0.0039,-0.0206,0.3001,175.09,-2.41,0.75
2025-10-21 20:27:21.874,69.624,0,0.3009,-0.0039,-0.0206,0.3001,175.09,-2.41,0.75
